motclé,prix,date,upper,information,information5,information6,information7
"ALFA ROMEO
147","

                              4 423 €  ", 21/11/2022, SENEGAL,ESSENCE,-,-,MANUELLE
"ALFA ROMEO
159","

                              9 913 €  ", 21/11/2022, SENEGAL,DIESEL,130 000 KM,2007,MANUELLE
"ALFA ROMEO
156
2.0","

                              1 830 €  ", 21/11/2022, SENEGAL,DIESEL,192 000 KM,1998,MANUELLE
"ALFA ROMEO
147","

                              4 575 €  ", 21/11/2022, SENEGAL,ESSENCE,100 000 KM,2006,MANUELLE
"ALFA ROMEO
GT","

                              3 050 €  ", 21/11/2022, SENEGAL,ESSENCE,-,2006,AUTOMATIQUE
"ALFA ROMEO
159","

                              6 100 €  ", 21/11/2022, SENEGAL,DIESEL,160 000 KM,2007,MANUELLE
"ALFA ROMEO
147","

                              4 575 €  ", 21/11/2022, SENEGAL,DIESEL,-,2009,MANUELLE
"ALFA ROMEO
147","

                              3 813 €  ", 21/11/2022, SENEGAL,DIESEL,-,2006,MANUELLE
"ALFA ROMEO
147","

                              4 575 €  ", 21/11/2022, SENEGAL,ESSENCE,-,2006,MANUELLE
"ALFA ROMEO
147","

                              4 575 €  ", 21/11/2022, SENEGAL,ESSENCE,90 000 KM,2006,MANUELLE
"ALFA ROMEO
147","

                              6 863 €  ", 21/11/2022, SENEGAL,DIESEL,135 000 KM,2002,MANUELLE
"ALFA ROMEO
147","

                              3 813 €  ", 21/11/2022, SENEGAL,DIESEL,-,-,MANUELLE
"ALFA ROMEO
147","

                              5 338 €  ", 21/11/2022, SENEGAL,ESSENCE,-,2004,MANUELLE
"ALFA ROMEO
159","

                              6 863 €  ", 21/11/2022, SENEGAL,ESSENCE,121 000 KM,2008,MANUELLE
"ALFA ROMEO
147","

                              2 745 €  ", 21/11/2022, SENEGAL,ESSENCE,100 000 KM,2007,MANUELLE
"ALFA ROMEO
147","

                              3 660 €  ", 21/11/2022, SENEGAL,ESSENCE,-,2007,MANUELLE
"ALFA ROMEO
147","

                              5 338 €  ", 21/11/2022, SENEGAL,ESSENCE,76 145 KM,2007,MANUELLE
"ALFA ROMEO
147","

                              5 338 €  ", 21/11/2022, SENEGAL,DIESEL,181 282 KM,2006,MANUELLE
"ALFA ROMEO
147","

                              2 898 €  ", 21/11/2022, SENEGAL,DIESEL,134 652 KM,2002,MANUELLE
"ALFA ROMEO
147","

                              3 813 €  ", 21/11/2022, SENEGAL,DIESEL,134 652 KM,2005,MANUELLE
"ALFA ROMEO
159","

                              7 473 €  ", 21/11/2022, SENEGAL,ESSENCE,121 000 KM,2008,MANUELLE
"ALFA ROMEO
159","

                              8 388 €  ", 21/11/2022, SENEGAL,DIESEL,160 000 KM,2007,MANUELLE
"ALFA ROMEO
147","

                              4 423 €  ", 21/11/2022, SENEGAL,ESSENCE,-,2008,MANUELLE
"ALFA ROMEO
GIULIETTA","

                              NC  ", 21/11/2022, SENEGAL,DIESEL,160 000 KM,2011,MANUELLE
"ALFA ROMEO
166","

                              NC  ", 21/11/2022, SENEGAL,DIESEL,-,2006,MANUELLE
"ALFA ROMEO
SPIDER","

                              NC  ", 21/11/2022, SENEGAL,ESSENCE,-,-,AUTOMATIQUE
"ALFA ROMEO
147","

                              NC  ", 21/11/2022, SENEGAL,ESSENCE,95 000 KM,2009,MANUELLE
"AUDI
Q5","

                              NC  ", 21/11/2022, SENEGAL,DIESEL,45 000 KM,2010,MANUELLE
"AUDI
Q7","

                              20 588 €  ", 21/11/2022, SENEGAL,DIESEL,65 000 KM,2010,MANUELLE
"AUDI
Q7","

                              NC  ", 21/11/2022, SENEGAL,DIESEL,90 000 KM,2007,MANUELLE
"MINI
MINI","

                              NC  ", 21/11/2022, SENEGAL,ESSENCE,-,2010,MANUELLE
"AUDI
Q5","

                              12 124 €  ", 21/11/2022, SENEGAL,ESSENCE,85 000 KM,2011,MANUELLE
"AUDI
A6 ALLROAD","

                              12 963 €  ", 21/11/2022, SENEGAL,DIESEL,81 000 KM,2006,MANUELLE
"AUDI
A3 SPORTBACK
RS32.5","

                              NC  ", 21/11/2022, SENEGAL,ESSENCE,43 000 KM,2011,MANUELLE
"AUDI
Q5","

                              NC  ", 21/11/2022, SENEGAL,ESSENCE,66 000 KM,2015,MANUELLE
"AUDI
Q7","

                              9 913 €  ", 21/11/2022, SENEGAL,ESSENCE,208 900 KM,2006,MANUELLE
"AUDI
Q5","

                              NC  ", 21/11/2022, SENEGAL,ESSENCE,-,2011,MANUELLE
"AUDI
A4","

                              3 660 €  ", 21/11/2022, SENEGAL,DIESEL,-,2006,AUTOMATIQUE
"AUDI
Q5","

                              15 250 €  ", 21/11/2022, SENEGAL,ESSENCE,170 000 KM,2010,MANUELLE
"AUDI
Q5","

                              16 775 €  ", 21/11/2022, SENEGAL,ESSENCE,145 000 KM,2011,MANUELLE
"AUDI
Q7","

                              42 700 €  ", 21/11/2022, SENEGAL,ESSENCE,33 500 KM,2007,MANUELLE
"AUDI
A3","

                              10 675 €  ", 21/11/2022, SENEGAL,DIESEL,133 000 KM,2008,MANUELLE
"AUDI
Q7","

                              27 450 €  ", 21/11/2022, SENEGAL,DIESEL,60 000 KM,2007,MANUELLE
"AUDI
A3","

                              NC  ", 21/11/2022, SENEGAL,DIESEL,47 000 KM,2010,MANUELLE
"AUDI
Q5","

                              27 450 €  ", 21/11/2022, SENEGAL,DIESEL,-,2012,MANUELLE
"AUDI
A4","

                              4 118 €  ", 21/11/2022, SENEGAL,DIESEL,-,2006,MANUELLE
"AUDI
A3","

                              9 150 €  ", 21/11/2022, SENEGAL,DIESEL,39 800 KM,2010,MANUELLE
"AUDI
Q5","

                              13 505 €  ", 21/11/2022, SENEGAL,DIESEL,250 000 KM,2010,MANUELLE
"AUDI
A4","

                              4 880 €  ", 21/11/2022, SENEGAL,DIESEL,187 000 KM,2005,MANUELLE
"AUDI
A3","

                              5 338 €  ", 21/11/2022, SENEGAL,DIESEL,-,-,MANUELLE
"AUDI
Q5","

                              NC  ", 21/11/2022, SENEGAL,ESSENCE,35 000 KM,2016,MANUELLE
"AUDI
Q5","

                              22 875 €  ", 21/11/2022, SENEGAL,ESSENCE,78 910 KM,2012,MANUELLE
"AUDI
Q5","

                              26 688 €  ", 21/11/2022, SENEGAL,DIESEL,-,2012,MANUELLE
"AUDI
A8
S8","

                              30 500 €  ", 21/11/2022, SENEGAL,ESSENCE,113 000 KM,2009,AUTOMATIQUE
"AUDI
A4","

                              10 660 €  ", 21/11/2022, SENEGAL,DIESEL,-,2007,MANUELLE
"AUDI
80","

                              3 813 €  ", 21/11/2022, SENEGAL,DIESEL,198 700 KM,1987,AUTOMATIQUE
"AUDI
A3","

                              5 795 €  ", 21/11/2022, SENEGAL,DIESEL,102 000 KM,2011,MANUELLE
"AUDI
Q5","

                              NC  ", 21/11/2022, SENEGAL,DIESEL,68 000 KM,2010,MANUELLE
"AUDI
A3","

                              8 540 €  ", 21/11/2022, SENEGAL,DIESEL,-,2010,MANUELLE
"AUDI
Q5","

                              25 925 €  ", 21/11/2022, SENEGAL,ESSENCE,-,2009,AUTOMATIQUE
"AUDI
A3","

                              NC  ", 21/11/2022, SENEGAL,DIESEL,65 000 KM,2008,MANUELLE
"AUDI
Q7","

                              24 248 €  ", 21/11/2022, SENEGAL,DIESEL,-,2009,MANUELLE
"AUDI
Q5","

                              NC  ", 21/11/2022, SENEGAL,ESSENCE,105 000 KM,2011,MANUELLE
"AUDI
A4","

                              17 538 €  ", 21/11/2022, SENEGAL,DIESEL,55 000 KM,2011,MANUELLE
"AUDI
A4","

                              18 300 €  ", 21/11/2022, SENEGAL,ESSENCE,80 000 KM,2014,MANUELLE
"AUDI
Q7","

                              NC  ", 21/11/2022, SENEGAL,DIESEL,171 000 KM,2007,MANUELLE
"AUDI
Q5","

                              19 520 €  ", 21/11/2022, SENEGAL,ESSENCE,-,2010,MANUELLE
"AUDI
Q5","

                              30 500 €  ", 21/11/2022, SENEGAL,ESSENCE,-,2010,AUTOMATIQUE
"AUDI
80","

                              2 516 €  ", 21/11/2022, SENEGAL,DIESEL,-,-,AUTOMATIQUE
"AUDI
A1","

                              13 725 €  ", 21/11/2022, SENEGAL,ESSENCE,63 000 KM,2012,MANUELLE
"AUDI
Q5","

                              NC  ", 21/11/2022, SENEGAL,ESSENCE,74 000 KM,2012,MANUELLE
"AUDI
A6","

                              45 750 €  ", 21/11/2022, SENEGAL,DIESEL,140 000 KM,2007,MANUELLE
"AUDI
Q7","

                              41 175 €  ", 21/11/2022, SENEGAL,ESSENCE,49 500 KM,2007,MANUELLE
"AUDI
A5","

                              15 250 €  ", 21/11/2022, SENEGAL,DIESEL,175 000 KM,2012,MANUELLE
"AUDI
A4","

                              16 623 €  ", 21/11/2022, SENEGAL,ESSENCE,55 000 KM,2011,MANUELLE
"AUDI
Q7","

                              NC  ", 21/11/2022, SENEGAL,DIESEL,73 000 KM,2009,MANUELLE
"AUDI
A6 ALLROAD","

                              11 590 €  ", 21/11/2022, SENEGAL,DIESEL,225 000 KM,2006,MANUELLE
"AUDI
A3","

                              15 250 €  ", 21/11/2022, SENEGAL,DIESEL,70 000 KM,2010,MANUELLE
"AUDI
A1","

                              15 098 €  ", 21/11/2022, SENEGAL,DIESEL,50 000 KM,2012,MANUELLE
"AUDI
Q7","

                              24 248 €  ", 21/11/2022, SENEGAL,DIESEL,115 000 KM,2007,MANUELLE
"AUDI
Q5","

                              25 163 €  ", 21/11/2022, SENEGAL,ESSENCE,-,2012,MANUELLE
"AUDI
A6","

                              8 388 €  ", 21/11/2022, SENEGAL,DIESEL,103 000 KM,2006,MANUELLE
"AUDI
80","

                              2 288 €  ", 21/11/2022, SENEGAL,DIESEL,-,-,AUTOMATIQUE
"AUDI
Q5","

                              NC  ", 21/11/2022, SENEGAL,ESSENCE,45 000 KM,2015,MANUELLE
"AUDI
Q7","

                              22 875 €  ", 21/11/2022, SENEGAL,DIESEL,-,2009,MANUELLE
"AUDI
Q5","

                              30 500 €  ", 21/11/2022, SENEGAL,ESSENCE,52 000 KM,2011,MANUELLE
"AUDI
Q7","

                              19 825 €  ", 21/11/2022, SENEGAL,ESSENCE,127 000 KM,2008,MANUELLE
"AUDI
A3","

                              4 575 €  ", 21/11/2022, SENEGAL,DIESEL,-,2007,MANUELLE
"AUDI
Q5","

                              19 825 €  ", 21/11/2022, SENEGAL,ESSENCE,104 000 KM,2010,AUTOMATIQUE
"AUDI
A3","

                              NC  ", 21/11/2022, SENEGAL,DIESEL,71 000 KM,2008,MANUELLE
"AUDI
100","

                              2 593 €  ", 21/11/2022, SENEGAL,DIESEL,-,-,MANUELLE
"AUDI
80","

                              3 050 €  ", 21/11/2022, SENEGAL,DIESEL,-,-,AUTOMATIQUE
"AUDI
A3","

                              18 300 €  ", 21/11/2022, SENEGAL,DIESEL,52 000 KM,2010,MANUELLE
"AUDI
Q7","

                              25 925 €  ", 21/11/2022, SENEGAL,DIESEL,60 000 KM,2007,MANUELLE
"AUDI
Q7","

                              27 450 €  ", 21/11/2022, SENEGAL,ESSENCE,-,2009,MANUELLE
"AUDI
Q7","

                              10 675 €  ", 21/11/2022, SENEGAL,DIESEL,-,2006,MANUELLE
"AUDI
A7 SPORTBACK
S7","

                              NC  ", 21/11/2022, SENEGAL,ESSENCE,55 000 KM,2012,MANUELLE
"AUDI
A3","

                              5 338 €  ", 21/11/2022, SENEGAL,ESSENCE,-,2006,AUTOMATIQUE
"AUDI
A4","

                              14 488 €  ", 21/11/2022, SENEGAL,DIESEL,40 000 KM,2010,MANUELLE
"AUDI
A4","

                              12 963 €  ", 21/11/2022, SENEGAL,ESSENCE,135 000 KM,2011,MANUELLE
"AUDI
80","

                              2 745 €  ", 21/11/2022, SENEGAL,DIESEL,264 000 KM,-,AUTOMATIQUE
"AUDI
A6","

                              8 388 €  ", 21/11/2022, SENEGAL,DIESEL,-,2005,MANUELLE
"AUDI
A3","

                              6 863 €  ", 21/11/2022, SENEGAL,DIESEL,-,2010,MANUELLE
"AUDI
Q5","

                              19 520 €  ", 21/11/2022, SENEGAL,DIESEL,90 000 KM,2010,MANUELLE
"AUDI
Q7","

                              25 620 €  ", 21/11/2022, SENEGAL,DIESEL,80 000 KM,2007,MANUELLE
"AUDI
Q5","

                              39 650 €  ", 21/11/2022, SENEGAL,ESSENCE,-,2009,MANUELLE
"AUDI
Q7","

                              10 675 €  ", 21/11/2022, SENEGAL,DIESEL,-,2007,MANUELLE
"AUDI
A3","

                              9 913 €  ", 21/11/2022, SENEGAL,DIESEL,88 000 KM,2007,MANUELLE
"AUDI
Q7","

                              28 213 €  ", 21/11/2022, SENEGAL,ESSENCE,-,2010,AUTOMATIQUE
"AUDI
Q5
V6 3.2","

                              NC  ", 21/11/2022, SENEGAL,ESSENCE,104 000 KM,2011,MANUELLE
"AUDI
Q7","

                              25 925 €  ", 21/11/2022, SENEGAL,ESSENCE,147 000 KM,2008,MANUELLE
"AUDI
A1","

                              17 538 €  ", 21/11/2022, SENEGAL,DIESEL,50 000 KM,2012,MANUELLE
"AUDI
Q7","

                              21 350 €  ", 21/11/2022, SENEGAL,DIESEL,108 000 KM,2008,MANUELLE
"AUDI
A4","

                              12 200 €  ", 21/11/2022, SENEGAL,DIESEL,123 654 KM,2011,MANUELLE
"AUDI
Q5","

                              29 738 €  ", 21/11/2022, SENEGAL,ESSENCE,-,2010,MANUELLE
"AUDI
A6 ALLROAD","

                              13 573 €  ", 21/11/2022, SENEGAL,DIESEL,100 000 KM,2009,MANUELLE
"AUDI
A3","

                              NC  ", 21/11/2022, SENEGAL,DIESEL,44 000 KM,2009,MANUELLE
"AUDI
80","

                              2 821 €  ", 21/11/2022, SENEGAL,DIESEL,-,-,AUTOMATIQUE
"AUDI
A4","

                              8 693 €  ", 21/11/2022, SENEGAL,DIESEL,125 000 KM,2006,MANUELLE
"AUDI
Q5","

                              22 875 €  ", 21/11/2022, SENEGAL,ESSENCE,-,2010,MANUELLE
"AUDI
Q7","

                              27 450 €  ", 21/11/2022, SENEGAL,DIESEL,100 000 KM,2009,MANUELLE
"AUDI
Q7","

                              11 438 €  ", 21/11/2022, SENEGAL,DIESEL,123 586 KM,2008,MANUELLE
"AUDI
Q5","

                              24 095 €  ", 21/11/2022, SENEGAL,ESSENCE,76 000 KM,2012,AUTOMATIQUE
"AUDI
A1","

                              9 913 €  ", 21/11/2022, SENEGAL,ESSENCE,-,2011,AUTOMATIQUE
"AUDI
Q5","

                              18 300 €  ", 21/11/2022, SENEGAL,ESSENCE,66 000 KM,2012,MANUELLE
"AUDI
A3","

                              NC  ", 21/11/2022, SENEGAL,DIESEL,197 000 KM,2009,MANUELLE
"AUDI
Q5","

                              25 925 €  ", 21/11/2022, SENEGAL,DIESEL,100 000 KM,2012,MANUELLE
"AUDI
A4
S4","

                              NC  ", 21/11/2022, SENEGAL,ESSENCE,97 000 KM,2011,MANUELLE
"AUDI
Q5","

                              15 250 €  ", 21/11/2022, SENEGAL,ESSENCE,120 000 KM,2012,MANUELLE
"AUDI
Q5","

                              28 975 €  ", 21/11/2022, SENEGAL,ESSENCE,-,2010,MANUELLE
"AUDI
A4","

                              12 200 €  ", 21/11/2022, SENEGAL,ESSENCE,150 000 KM,2006,MANUELLE
"AUDI
A3","

                              NC  ", 21/11/2022, SENEGAL,DIESEL,54 000 KM,2009,MANUELLE
"AUDI
A4","

                              9 150 €  ", 21/11/2022, SENEGAL,DIESEL,86 000 KM,2007,MANUELLE
"AUDI
A6","

                              7 625 €  ", 21/11/2022, SENEGAL,DIESEL,-,2005,MANUELLE
"AUDI
A3","

                              6 100 €  ", 21/11/2022, SENEGAL,DIESEL,80 000 KM,2010,MANUELLE
"AUDI
A4","

                              4 118 €  ", 21/11/2022, SENEGAL,DIESEL,375 000 KM,2006,MANUELLE
"AUDI
A6","

                              18 300 €  ", 21/11/2022, SENEGAL,ESSENCE,-,2012,MANUELLE
"AUDI
Q7","

                              26 688 €  ", 21/11/2022, SENEGAL,ESSENCE,66 000 KM,2007,AUTOMATIQUE
"AUDI
Q7","

                              20 588 €  ", 21/11/2022, SENEGAL,DIESEL,172 000 KM,2007,MANUELLE
"AUDI
Q5","

                              NC  ", 21/11/2022, SENEGAL,ESSENCE,98 000 KM,2011,MANUELLE
"AUDI
A4","

                              15 250 €  ", 21/11/2022, SENEGAL,ESSENCE,-,2009,MANUELLE
"AUDI
A3","

                              NC  ", 21/11/2022, SENEGAL,DIESEL,85 000 KM,2009,MANUELLE
"AUDI
A6","

                              13 725 €  ", 21/11/2022, SENEGAL,DIESEL,170 000 KM,2005,MANUELLE
"AUDI
A8
S8","

                              38 125 €  ", 21/11/2022, SENEGAL,ESSENCE,100 000 KM,2008,MANUELLE
"AUDI
Q5","

                              21 350 €  ", 21/11/2022, SENEGAL,ESSENCE,60 000 KM,2012,MANUELLE
"AUDI
A4","

                              NC  ", 21/11/2022, SENEGAL,ESSENCE,71 000 KM,2010,MANUELLE
"AUDI
80","

                              3 508 €  ", 21/11/2022, SENEGAL,DIESEL,-,-,AUTOMATIQUE
"AUDI
Q5","

                              18 758 €  ", 21/11/2022, SENEGAL,ESSENCE,123 551 KM,2014,AUTOMATIQUE
"AUDI
A4","

                              13 725 €  ", 21/11/2022, SENEGAL,DIESEL,200 000 KM,2005,AUTOMATIQUE
"AUDI
A5","

                              NC  ", 21/11/2022, SENEGAL,ESSENCE,50 000 KM,2009,MANUELLE
"AUDI
A4","

                              NC  ", 21/11/2022, SENEGAL,DIESEL,92 000 KM,2009,MANUELLE
"AUDI
A4","

                              6 100 €  ", 21/11/2022, SENEGAL,DIESEL,190 000 KM,2006,MANUELLE
"AUDI
Q7","

                              19 825 €  ", 21/11/2022, SENEGAL,DIESEL,123 000 KM,-,MANUELLE
"AUDI
Q7","

                              32 025 €  ", 21/11/2022, SENEGAL,DIESEL,115 000 KM,2006,MANUELLE
"AUDI
A4","

                              19 825 €  ", 21/11/2022, SENEGAL,ESSENCE,76 907 KM,2014,MANUELLE
"AUDI
A8","

                              22 875 €  ", 21/11/2022, SENEGAL,ESSENCE,110 000 KM,2007,MANUELLE
"AUDI
Q7","

                              19 825 €  ", 21/11/2022, SENEGAL,DIESEL,129 000 KM,2007,MANUELLE
"AUDI
A5","

                              24 400 €  ", 21/11/2022, SENEGAL,DIESEL,95 000 KM,2008,AUTOMATIQUE
"AUDI
Q7","

                              30 500 €  ", 21/11/2022, SENEGAL,DIESEL,78 000 KM,-,MANUELLE
"AUDI
A4","

                              NC  ", 21/11/2022, SENEGAL,ESSENCE,88 000 KM,2010,MANUELLE
"AUDI
Q7","

                              28 213 €  ", 21/11/2022, SENEGAL,ESSENCE,-,2007,AUTOMATIQUE
"AUDI
Q7","

                              7 320 €  ", 21/11/2022, SENEGAL,DIESEL,-,2008,MANUELLE
"AUDI
A4","

                              8 693 €  ", 21/11/2022, SENEGAL,ESSENCE,120 000 KM,2009,AUTOMATIQUE
"AUDI
Q5","

                              31 263 €  ", 21/11/2022, SENEGAL,ESSENCE,-,2018,AUTOMATIQUE
"AUDI
Q5","

                              22 875 €  ", 21/11/2022, SENEGAL,ESSENCE,50 000 KM,2012,MANUELLE
"AUDI
Q7","

                              32 025 €  ", 21/11/2022, SENEGAL,DIESEL,91 000 KM,2010,MANUELLE
"AUDI
Q5","

                              16 013 €  ", 21/11/2022, SENEGAL,ESSENCE,123 000 KM,2014,AUTOMATIQUE
"AUDI
Q5","

                              24 400 €  ", 21/11/2022, SENEGAL,DIESEL,-,2009,MANUELLE
"AUDI
A8","

                              38 125 €  ", 21/11/2022, SENEGAL,ESSENCE,12 789 KM,2017,MANUELLE
"AUDI
A6","

                              19 825 €  ", 21/11/2022, SENEGAL,DIESEL,-,2005,MANUELLE
"AUDI
Q7","

                              36 600 €  ", 21/11/2022, SENEGAL,DIESEL,50 000 KM,2007,MANUELLE
"AUDI
A4","

                              19 063 €  ", 21/11/2022, SENEGAL,DIESEL,65 000 KM,2008,MANUELLE
"AUDI
Q5","

                              25 925 €  ", 21/11/2022, SENEGAL,DIESEL,88 000 KM,2010,MANUELLE
"AUDI
A3","

                              4 575 €  ", 21/11/2022, SENEGAL,DIESEL,90 000 KM,2006,MANUELLE
"AUDI
Q5","

                              30 348 €  ", 21/11/2022, SENEGAL,DIESEL,40 000 KM,2013,MANUELLE
"AUDI
A1","

                              19 063 €  ", 21/11/2022, SENEGAL,ESSENCE,29 000 KM,2010,MANUELLE
"AUDI
Q5","

                              NC  ", 21/11/2022, SENEGAL,ESSENCE,80 000 KM,2015,MANUELLE
"AUDI
Q7","

                              28 213 €  ", 21/11/2022, SENEGAL,DIESEL,54 000 KM,2007,MANUELLE
"AUDI
A4","

                              8 769 €  ", 21/11/2022, SENEGAL,ESSENCE,113 000 KM,2008,AUTOMATIQUE
"AUDI
A4","

                              9 913 €  ", 21/11/2022, SENEGAL,ESSENCE,89 000 KM,2008,MANUELLE
"AUDI
Q5","

                              26 993 €  ", 21/11/2022, SENEGAL,ESSENCE,48 282 KM,2012,MANUELLE
"AUDI
A6","

                              5 643 €  ", 21/11/2022, SENEGAL,DIESEL,175 000 KM,2006,MANUELLE
"AUDI
Q7","

                              NC  ", 21/11/2022, SENEGAL,ESSENCE,76 000 KM,2007,MANUELLE
"AUDI
Q5","

                              25 163 €  ", 21/11/2022, SENEGAL,ESSENCE,73 000 KM,2012,MANUELLE
"AUDI
Q5","

                              27 450 €  ", 21/11/2022, SENEGAL,ESSENCE,105 890 KM,2011,MANUELLE
"AUDI
Q7","

                              20 588 €  ", 21/11/2022, SENEGAL,DIESEL,230 000 KM,2006,MANUELLE
"AUDI
A4","

                              12 048 €  ", 21/11/2022, SENEGAL,DIESEL,96 000 KM,2008,MANUELLE
"AUDI
Q7","

                              21 350 €  ", 21/11/2022, SENEGAL,DIESEL,-,2007,MANUELLE
"AUDI
A4","

                              18 605 €  ", 21/11/2022, SENEGAL,ESSENCE,76 000 KM,2008,AUTOMATIQUE
"AUDI
A6","

                              22 875 €  ", 21/11/2022, SENEGAL,DIESEL,90 000 KM,2005,MANUELLE
"AUDI
Q7","

                              26 688 €  ", 21/11/2022, SENEGAL,DIESEL,-,2007,MANUELLE
"AUDI
A6","

                              NC  ", 21/11/2022, SENEGAL,ESSENCE,-,2009,MANUELLE
"AUDI
A6","

                              24 400 €  ", 21/11/2022, SENEGAL,DIESEL,100 000 KM,2002,AUTOMATIQUE
"AUDI
A6","

                              16 013 €  ", 21/11/2022, SENEGAL,DIESEL,146 600 KM,2005,MANUELLE
"AUDI
A1","

                              17 233 €  ", 21/11/2022, SENEGAL,DIESEL,50 000 KM,2012,MANUELLE
"AUDI
Q5","

                              20 588 €  ", 21/11/2022, SENEGAL,ESSENCE,108 000 KM,2010,MANUELLE
"AUDI
Q7","

                              22 875 €  ", 21/11/2022, SENEGAL,DIESEL,123 000 KM,-,MANUELLE
"AUDI
Q5","

                              NC  ", 21/11/2022, SENEGAL,ESSENCE,150 000 KM,2010,MANUELLE
"AUDI
A4","

                              8 769 €  ", 21/11/2022, SENEGAL,ESSENCE,90 000 KM,2008,MANUELLE
"AUDI
A4","

                              NC  ", 21/11/2022, SENEGAL,DIESEL,95 000 KM,2008,MANUELLE
"AUDI
A4 ALLROAD","

                              12 200 €  ", 21/11/2022, SENEGAL,ESSENCE,-,2013,AUTOMATIQUE
"AUDI
Q5","

                              35 075 €  ", 21/11/2022, SENEGAL,ESSENCE,-,2018,AUTOMATIQUE
"AUDI
A6","

                              9 455 €  ", 21/11/2022, SENEGAL,DIESEL,-,2008,MANUELLE
"AUDI
A3","

                              2 288 €  ", 21/11/2022, SENEGAL,DIESEL,-,2007,MANUELLE
"AUDI
80","

                              3 660 €  ", 21/11/2022, SENEGAL,DIESEL,-,-,AUTOMATIQUE
"AUDI
A4","

                              21 350 €  ", 21/11/2022, SENEGAL,DIESEL,32 500 KM,2009,MANUELLE
"AUDI
A4 ALLROAD","

                              21 350 €  ", 21/11/2022, SENEGAL,DIESEL,76 000 KM,2008,MANUELLE
"AUDI
Q7","

                              19 825 €  ", 21/11/2022, SENEGAL,DIESEL,70 000 KM,2007,MANUELLE
"AUDI
A6 ALLROAD","

                              14 488 €  ", 21/11/2022, SENEGAL,DIESEL,220 000 KM,2005,MANUELLE
"AUDI
Q5","

                              27 450 €  ", 21/11/2022, SENEGAL,DIESEL,99 000 KM,2010,MANUELLE
"AUDI
A4","

                              6 863 €  ", 21/11/2022, SENEGAL,ESSENCE,126 000 KM,2005,MANUELLE
"AUDI
Q5","

                              19 825 €  ", 21/11/2022, SENEGAL,ESSENCE,-,2011,MANUELLE
"AUDI
A8
S8","

                              68 625 €  ", 21/11/2022, SENEGAL,ESSENCE,18 800 KM,2014,MANUELLE
"AUDI
Q7","

                              22 723 €  ", 21/11/2022, SENEGAL,DIESEL,129 000 KM,2006,MANUELLE
"AUDI
A4","

                              NC  ", 21/11/2022, SENEGAL,DIESEL,-,2008,MANUELLE
"AUDI
A4","

                              NC  ", 21/11/2022, SENEGAL,ESSENCE,130 000 KM,2008,MANUELLE
"AUDI
Q7","

                              22 875 €  ", 21/11/2022, SENEGAL,DIESEL,119 000 KM,-,MANUELLE
"AUDI
A6","

                              NC  ", 21/11/2022, SENEGAL,DIESEL,190 000 KM,2008,MANUELLE
"AUDI
A3","

                              16 013 €  ", 21/11/2022, SENEGAL,ESSENCE,52 221 KM,2015,AUTOMATIQUE
"AUDI
A4 AVANT","

                              6 100 €  ", 21/11/2022, SENEGAL,DIESEL,112 000 KM,2006,MANUELLE
"AUDI
A5
S5","

                              24 400 €  ", 21/11/2022, SENEGAL,ESSENCE,15 000 KM,2013,MANUELLE
"AUDI
Q5","

                              26 688 €  ", 21/11/2022, SENEGAL,ESSENCE,45 000 KM,2012,MANUELLE
"AUDI
A4","

                              20 283 €  ", 21/11/2022, SENEGAL,DIESEL,55 000 KM,2011,MANUELLE
"AUDI
Q7","

                              23 638 €  ", 21/11/2022, SENEGAL,DIESEL,-,2007,MANUELLE
"AUDI
A4","

                              19 673 €  ", 21/11/2022, SENEGAL,DIESEL,70 000 KM,2008,MANUELLE
"AUDI
Q5","

                              23 638 €  ", 21/11/2022, SENEGAL,DIESEL,69 000 KM,2010,MANUELLE
"AUDI
A4","

                              21 350 €  ", 21/11/2022, SENEGAL,ESSENCE,78 000 KM,2008,AUTOMATIQUE
"AUDI
Q7","

                              35 075 €  ", 21/11/2022, SENEGAL,DIESEL,70 000 KM,2007,MANUELLE
"AUDI
Q5","

                              18 300 €  ", 21/11/2022, SENEGAL,ESSENCE,115 000 KM,2012,AUTOMATIQUE
"AUDI
A8
S8","

                              83 875 €  ", 21/11/2022, SENEGAL,ESSENCE,18 800 KM,2014,MANUELLE
"AUDI
Q5","

                              25 163 €  ", 21/11/2022, SENEGAL,ESSENCE,80 000 KM,2010,MANUELLE
"AUDI
A4","

                              5 795 €  ", 21/11/2022, SENEGAL,DIESEL,146 000 KM,2007,MANUELLE
"AUDI
Q7","

                              NC  ", 21/11/2022, SENEGAL,ESSENCE,11 100 KM,2007,MANUELLE
"AUDI
A8
S8V10 5.2","

                              25 925 €  ", 21/11/2022, SENEGAL,ESSENCE,50 500 KM,2010,MANUELLE
"AUDI
A6 AVANT","

                              71 523 €  ", 21/11/2022, SENEGAL,ESSENCE,100 000 KM,2019,AUTOMATIQUE
"AUDI
A3","

                              8 388 €  ", 21/11/2022, SENEGAL,DIESEL,115 000 KM,2010,MANUELLE
"AUDI
Q5","

                              16 775 €  ", 21/11/2022, SENEGAL,ESSENCE,95 000 KM,2014,AUTOMATIQUE
"AUDI
Q7","

                              21 350 €  ", 21/11/2022, SENEGAL,DIESEL,100 000 KM,2009,MANUELLE
"AUDI
A5
S5","

                              22 875 €  ", 21/11/2022, SENEGAL,DIESEL,-,2013,MANUELLE
"AUDI
Q7","

                              22 875 €  ", 21/11/2022, SENEGAL,ESSENCE,-,2008,MANUELLE
"AUDI
Q7","

                              13 725 €  ", 21/11/2022, SENEGAL,ESSENCE,83 000 KM,2008,MANUELLE
"AUDI
A6","

                              5 338 €  ", 21/11/2022, SENEGAL,ESSENCE,189 150 KM,2004,MANUELLE
"AUDI
A5","

                              19 673 €  ", 21/11/2022, SENEGAL,ESSENCE,48 000 KM,2010,MANUELLE
"AUDI
A5
S5","

                              38 125 €  ", 21/11/2022, SENEGAL,ESSENCE,63 000 KM,2012,MANUELLE
"AUDI
Q7","

                              21 350 €  ", 21/11/2022, SENEGAL,ESSENCE,100 000 KM,2011,MANUELLE
"AUDI
A1","

                              8 388 €  ", 21/11/2022, SENEGAL,DIESEL,5 000 KM,2011,MANUELLE
"AUDI
A6","

                              12 200 €  ", 21/11/2022, SENEGAL,DIESEL,120 000 KM,2007,MANUELLE
"AUDI
A6","

                              NC  ", 21/11/2022, SENEGAL,DIESEL,67 000 KM,2010,MANUELLE
"AUDI
A3","

                              6 863 €  ", 21/11/2022, SENEGAL,DIESEL,-,2006,MANUELLE
"AUDI
A4","

                              9 455 €  ", 21/11/2022, SENEGAL,DIESEL,240 741 KM,2007,MANUELLE
"AUDI
Q5","

                              NC  ", 21/11/2022, SENEGAL,ESSENCE,170 000 KM,2009,MANUELLE
"AUDI
A3","

                              9 913 €  ", 21/11/2022, SENEGAL,DIESEL,158 000 KM,2007,MANUELLE
"AUDI
Q5","

                              8 845 €  ", 21/11/2022, SENEGAL,DIESEL,180 000 KM,2009,MANUELLE
"AUDI
A6 ALLROAD","

                              16 013 €  ", 21/11/2022, SENEGAL,DIESEL,87 000 KM,2007,MANUELLE
"AUDI
100
2.0","

                              1 830 €  ", 21/11/2022, SENEGAL,ESSENCE,-,1994,AUTOMATIQUE
"AUDI
TT","

                              16 775 €  ", 21/11/2022, SENEGAL,DIESEL,90 000 KM,2010,MANUELLE
"AUDI
Q5","

                              25 925 €  ", 21/11/2022, SENEGAL,ESSENCE,45 000 KM,2012,MANUELLE
"AUDI
Q7","

                              14 488 €  ", 21/11/2022, SENEGAL,DIESEL,123 000 KM,2007,MANUELLE
"AUDI
A6","

                              17 538 €  ", 21/11/2022, SENEGAL,DIESEL,103 000 KM,2007,MANUELLE
"AUDI
Q7","

                              23 638 €  ", 21/11/2022, SENEGAL,DIESEL,92 000 KM,2007,MANUELLE
"AUDI
A4 AVANT","

                              6 405 €  ", 21/11/2022, SENEGAL,DIESEL,135 000 KM,2007,MANUELLE
"AUDI
A6","

                              10 523 €  ", 21/11/2022, SENEGAL,DIESEL,186 000 KM,2006,MANUELLE
"AUDI
A6 ALLROAD","

                              11 438 €  ", 21/11/2022, SENEGAL,DIESEL,120 000 KM,2007,MANUELLE
"AUDI
Q7","

                              24 400 €  ", 21/11/2022, SENEGAL,DIESEL,54 000 KM,2007,AUTOMATIQUE
"AUDI
A4","

                              16 318 €  ", 21/11/2022, SENEGAL,DIESEL,88 151 KM,2008,MANUELLE
"AUDI
A4","

                              NC  ", 21/11/2022, SENEGAL,DIESEL,96 000 KM,2010,MANUELLE
"AUDI
Q5","

                              NC  ", 21/11/2022, SENEGAL,ESSENCE,88 789 KM,2011,MANUELLE
"AUDI
A6","

                              8 083 €  ", 21/11/2022, SENEGAL,DIESEL,103 000 KM,2006,MANUELLE
"AUDI
A6","

                              10 675 €  ", 21/11/2022, SENEGAL,DIESEL,100 000 KM,2006,MANUELLE
"AUDI
A5","

                              19 673 €  ", 21/11/2022, SENEGAL,DIESEL,48 000 KM,2010,MANUELLE
"AUDI
A7 SPORTBACK
S7","

                              30 500 €  ", 21/11/2022, SENEGAL,ESSENCE,46 000 KM,2012,MANUELLE
"AUDI
Q7","

                              26 688 €  ", 21/11/2022, SENEGAL,DIESEL,-,2006,MANUELLE
"AUDI
Q7","

                              30 500 €  ", 21/11/2022, SENEGAL,DIESEL,50 000 KM,2008,MANUELLE
"AUDI
Q7","

                              18 758 €  ", 21/11/2022, SENEGAL,ESSENCE,200 000 KM,2008,MANUELLE
"AUDI
Q5","

                              8 845 €  ", 21/11/2022, SENEGAL,ESSENCE,156 000 KM,2011,AUTOMATIQUE
"AUDI
A3","

                              11 438 €  ", 21/11/2022, SENEGAL,ESSENCE,71 000 KM,2007,MANUELLE
"AUDI
Q5","

                              22 113 €  ", 21/11/2022, SENEGAL,ESSENCE,68 000 KM,2011,MANUELLE
"AUDI
A4","

                              16 013 €  ", 21/11/2022, SENEGAL,DIESEL,144 216 KM,2008,MANUELLE
"AUDI
Q5","

                              NC  ", 21/11/2022, SENEGAL,ESSENCE,56 000 KM,2011,MANUELLE
"AUDI
Q7","

                              NC  ", 21/11/2022, SENEGAL,DIESEL,90 090 KM,2009,MANUELLE
"AUDI
80","

                              4 346 €  ", 21/11/2022, SENEGAL,DIESEL,201 000 KM,-,AUTOMATIQUE
"AUDI
Q7","

                              28 975 €  ", 21/11/2022, SENEGAL,ESSENCE,100 000 KM,2008,MANUELLE
"AUDI
Q5","

                              16 775 €  ", 21/11/2022, SENEGAL,ESSENCE,-,2011,MANUELLE
"AUDI
A6","

                              12 200 €  ", 21/11/2022, SENEGAL,DIESEL,86 000 KM,2006,MANUELLE
"AUDI
A4","

                              19 673 €  ", 21/11/2022, SENEGAL,DIESEL,70 000 KM,2009,MANUELLE
"AUDI
A4","

                              3 355 €  ", 21/11/2022, SENEGAL,DIESEL,-,2006,AUTOMATIQUE
"AUDI
Q5","

                              10 523 €  ", 21/11/2022, SENEGAL,ESSENCE,88 000 KM,2010,MANUELLE
"AUDI
A3","

                              NC  ", 21/11/2022, SENEGAL,DIESEL,210 000 KM,2003,MANUELLE
"AUDI
Q7","

                              NC  ", 21/11/2022, SENEGAL,DIESEL,-,2007,MANUELLE
"AUDI
A4","

                              16 775 €  ", 21/11/2022, SENEGAL,DIESEL,80 000 KM,2010,MANUELLE
"AUDI
Q7","

                              26 688 €  ", 21/11/2022, SENEGAL,ESSENCE,116 000 KM,2010,MANUELLE
"AUDI
Q7","

                              45 750 €  ", 21/11/2022, SENEGAL,ESSENCE,-,2007,MANUELLE
"AUDI
Q7","

                              NC  ", 21/11/2022, SENEGAL,ESSENCE,39 129 KM,2008,MANUELLE
"AUDI
Q5","

                              25 163 €  ", 21/11/2022, SENEGAL,ESSENCE,112 000 KM,2011,MANUELLE
"AUDI
80","

                              2 288 €  ", 21/11/2022, SENEGAL,DIESEL,120 000 KM,1988,MANUELLE
"AUDI
A3","

                              7 625 €  ", 21/11/2022, SENEGAL,DIESEL,103 235 KM,2008,MANUELLE
"AUDI
A6 ALLROAD","

                              13 725 €  ", 21/11/2022, SENEGAL,DIESEL,100 000 KM,2009,MANUELLE
"AUDI
A6","

                              20 588 €  ", 21/11/2022, SENEGAL,DIESEL,57 000 KM,2010,MANUELLE
"AUDI
A6","

                              20 588 €  ", 21/11/2022, SENEGAL,DIESEL,95 000 KM,2010,MANUELLE
"AUDI
A4","

                              12 963 €  ", 21/11/2022, SENEGAL,DIESEL,149 000 KM,2007,MANUELLE
"AUDI
A3","

                              11 438 €  ", 21/11/2022, SENEGAL,DIESEL,82 000 KM,2006,MANUELLE
"AUDI
A6 ALLROAD","

                              13 725 €  ", 21/11/2022, SENEGAL,DIESEL,110 000 KM,2008,MANUELLE
"AUDI
Q7","

                              18 300 €  ", 21/11/2022, SENEGAL,DIESEL,87 000 KM,2007,MANUELLE
"AUDI
Q7","

                              30 500 €  ", 21/11/2022, SENEGAL,ESSENCE,47 000 KM,2007,MANUELLE
"AUDI
Q7","

                              36 600 €  ", 21/11/2022, SENEGAL,DIESEL,70 000 KM,2007,MANUELLE
"AUDI
Q5","

                              18 300 €  ", 21/11/2022, SENEGAL,ESSENCE,91 000 KM,2010,MANUELLE
"AUDI
A5","

                              10 675 €  ", 21/11/2022, SENEGAL,DIESEL,143 800 KM,2010,MANUELLE
"AUDI
Q7","

                              15 250 €  ", 21/11/2022, SENEGAL,ESSENCE,233 000 KM,2007,MANUELLE
"AUDI
A4","

                              19 063 €  ", 21/11/2022, SENEGAL,DIESEL,78 000 KM,2009,MANUELLE
"AUDI
80","

                              2 593 €  ", 21/11/2022, SENEGAL,DIESEL,-,-,AUTOMATIQUE
"AUDI
A3","

                              16 775 €  ", 21/11/2022, SENEGAL,DIESEL,-,2008,MANUELLE
"AUDI
A5
RS5","

                              46 513 €  ", 21/11/2022, SENEGAL,ESSENCE,12 000 KM,2014,MANUELLE
"AUDI
A4","

                              12 200 €  ", 21/11/2022, SENEGAL,ESSENCE,86 000 KM,2008,AUTOMATIQUE
"AUDI
Q5","

                              27 450 €  ", 21/11/2022, SENEGAL,ESSENCE,73 000 KM,2012,MANUELLE
"AUDI
A3","

                              14 488 €  ", 21/11/2022, SENEGAL,DIESEL,82 000 KM,2006,MANUELLE
"AUDI
A3","

                              3 813 €  ", 21/11/2022, SENEGAL,DIESEL,155 000 KM,2001,MANUELLE
"AUDI
A4","

                              13 268 €  ", 21/11/2022, SENEGAL,DIESEL,149 000 KM,2007,MANUELLE
"AUDI
A4","

                              26 688 €  ", 21/11/2022, SENEGAL,DIESEL,54 300 KM,2010,MANUELLE
"AUDI
A4","

                              12 963 €  ", 21/11/2022, SENEGAL,ESSENCE,79 800 KM,2011,MANUELLE
"AUDI
A6
V6 3.0","

                              7 581 €  ", 21/11/2022, SENEGAL,DIESEL,250 000 KM,2005,MANUELLE
"AUDI
A4","

                              8 388 €  ", 21/11/2022, SENEGAL,DIESEL,160 000 KM,2006,MANUELLE
"AUDI
A3","

                              21 350 €  ", 21/11/2022, SENEGAL,DIESEL,44 000 KM,2013,MANUELLE
"AUDI
Q5","

                              13 268 €  ", 21/11/2022, SENEGAL,ESSENCE,83 000 KM,2012,AUTOMATIQUE
"AUDI
Q5","

                              18 300 €  ", 21/11/2022, SENEGAL,ESSENCE,64 878 KM,2011,MANUELLE
"AUDI
Q5","

                              21 045 €  ", 21/11/2022, SENEGAL,ESSENCE,80 000 KM,2010,MANUELLE
"AUDI
Q7","

                              24 400 €  ", 21/11/2022, SENEGAL,DIESEL,112 000 KM,2007,MANUELLE
"AUDI
A4","

                              8 388 €  ", 21/11/2022, SENEGAL,ESSENCE,169 000 KM,2005,MANUELLE
"AUDI
A4","

                              9 913 €  ", 21/11/2022, SENEGAL,ESSENCE,79 548 KM,2011,MANUELLE
"AUDI
Q7","

                              19 825 €  ", 21/11/2022, SENEGAL,DIESEL,49 892 KM,2008,MANUELLE
"AUDI
A5","

                              22 113 €  ", 21/11/2022, SENEGAL,ESSENCE,87 900 KM,2014,MANUELLE
"AUDI
A5","

                              17 538 €  ", 21/11/2022, SENEGAL,DIESEL,67 000 KM,2009,MANUELLE
"AUDI
Q5","

                              19 673 €  ", 21/11/2022, SENEGAL,DIESEL,160 000 KM,2009,AUTOMATIQUE
"AUDI
A5","

                              21 198 €  ", 21/11/2022, SENEGAL,DIESEL,55 000 KM,2011,MANUELLE
"AUDI
A4","

                              4 880 €  ", 21/11/2022, SENEGAL,DIESEL,-,2005,MANUELLE
"AUDI
Q5","

                              17 538 €  ", 21/11/2022, SENEGAL,ESSENCE,-,2012,MANUELLE
"AUDI
Q5","

                              14 488 €  ", 21/11/2022, SENEGAL,ESSENCE,98 764 KM,2014,AUTOMATIQUE
"AUDI
Q5","

                              25 620 €  ", 21/11/2022, SENEGAL,ESSENCE,45 000 KM,2012,AUTOMATIQUE
"AUDI
Q5","

                              17 538 €  ", 21/11/2022, SENEGAL,ESSENCE,116 000 KM,2009,MANUELLE
"AUDI
A6","

                              13 725 €  ", 21/11/2022, SENEGAL,ESSENCE,100 000 KM,2006,MANUELLE
"AUDI
Q7","

                              32 788 €  ", 21/11/2022, SENEGAL,DIESEL,54 000 KM,2007,MANUELLE
"AUDI
A7 SPORTBACK","

                              NC  ", 21/11/2022, SENEGAL,ESSENCE,44 500 KM,2015,MANUELLE
"AUDI
A4","

                              9 913 €  ", 21/11/2022, SENEGAL,DIESEL,120 000 KM,2005,MANUELLE
"AUDI
A4","

                              2 593 €  ", 21/11/2022, SENEGAL,DIESEL,-,2002,AUTOMATIQUE
"AUDI
Q7","

                              NC  ", 21/11/2022, SENEGAL,ESSENCE,55 000 KM,2007,MANUELLE
"AUDI
80 AVANT","

                              19 825 €  ", 21/11/2022, SENEGAL,DIESEL,130 000 KM,1990,AUTOMATIQUE
"AUDI
Q5","

                              17 538 €  ", 21/11/2022, SENEGAL,ESSENCE,-,2014,AUTOMATIQUE
"AUDI
Q5","

                              19 063 €  ", 21/11/2022, SENEGAL,ESSENCE,72 000 KM,2010,MANUELLE
"AUDI
A6","

                              23 790 €  ", 21/11/2022, SENEGAL,ESSENCE,-,2011,MANUELLE
"AUDI
Q5","

                              19 063 €  ", 21/11/2022, SENEGAL,ESSENCE,-,2011,MANUELLE
"AUDI
Q7","

                              38 125 €  ", 21/11/2022, SENEGAL,DIESEL,85 000 KM,2010,MANUELLE
"AUDI
Q7","

                              19 825 €  ", 21/11/2022, SENEGAL,ESSENCE,83 000 KM,2007,MANUELLE
"AUDI
Q7","

                              27 450 €  ", 21/11/2022, SENEGAL,DIESEL,88 000 KM,2006,MANUELLE
"AUDI
A5
RS5","

                              37 363 €  ", 21/11/2022, SENEGAL,ESSENCE,45 000 KM,2013,MANUELLE
"AUDI
Q5","

                              NC  ", 21/11/2022, SENEGAL,ESSENCE,16 000 KM,2012,MANUELLE
"AUDI
A4","

                              12 200 €  ", 21/11/2022, SENEGAL,ESSENCE,103 000 KM,2010,MANUELLE
"AUDI
80","

                              3 355 €  ", 21/11/2022, SENEGAL,DIESEL,-,-,AUTOMATIQUE
"AUDI
A5","

                              20 588 €  ", 21/11/2022, SENEGAL,DIESEL,58 000 KM,2011,MANUELLE
"AUDI
Q5","

                              16 623 €  ", 21/11/2022, SENEGAL,ESSENCE,-,2014,AUTOMATIQUE
"AUDI
Q5","

                              11 438 €  ", 21/11/2022, SENEGAL,ESSENCE,96 000 KM,2012,MANUELLE
"AUDI
Q5","

                              26 383 €  ", 21/11/2022, SENEGAL,DIESEL,72 000 KM,2012,MANUELLE
"AUDI
Q7","

                              22 875 €  ", 21/11/2022, SENEGAL,DIESEL,150 000 KM,2007,MANUELLE
"AUDI
Q7","

                              24 400 €  ", 21/11/2022, SENEGAL,DIESEL,21 000 KM,2008,MANUELLE
"AUDI
Q5","

                              28 213 €  ", 21/11/2022, SENEGAL,DIESEL,169 000 KM,2009,MANUELLE
"AUDI
A4","

                              21 350 €  ", 21/11/2022, SENEGAL,DIESEL,-,2008,MANUELLE
"AUDI
Q3","

                              20 588 €  ", 21/11/2022, SENEGAL,ESSENCE,50 000 KM,2013,MANUELLE
"AUDI
A3","

                              7 625 €  ", 21/11/2022, SENEGAL,DIESEL,87 000 KM,2006,MANUELLE
"AUDI
Q3","

                              13 725 €  ", 21/11/2022, SENEGAL,ESSENCE,80 000 KM,2015,AUTOMATIQUE
"AUDI
A5","

                              20 588 €  ", 21/11/2022, SENEGAL,DIESEL,60 000 KM,2010,MANUELLE
"AUDI
80","

                              3 050 €  ", 21/11/2022, SENEGAL,DIESEL,50 000 KM,1988,AUTOMATIQUE
"AUDI
A4","

                              15 250 €  ", 21/11/2022, SENEGAL,DIESEL,82 000 KM,2009,MANUELLE
"AUDI
80","

                              3 813 €  ", 21/11/2022, SENEGAL,DIESEL,-,1986,AUTOMATIQUE
"AUDI
A5","

                              20 588 €  ", 21/11/2022, SENEGAL,DIESEL,72 000 KM,2010,MANUELLE
"AUDI
Q5","

                              26 688 €  ", 21/11/2022, SENEGAL,ESSENCE,75 000 KM,2012,MANUELLE
"AUDI
A4","

                              4 423 €  ", 21/11/2022, SENEGAL,ESSENCE,74 000 KM,2004,MANUELLE
"AUDI
A4","

                              22 113 €  ", 21/11/2022, SENEGAL,DIESEL,62 548 KM,2009,MANUELLE
"AUDI
Q7","

                              15 250 €  ", 21/11/2022, SENEGAL,ESSENCE,99 983 KM,2008,MANUELLE
"AUDI
100","

                              2 288 €  ", 21/11/2022, SENEGAL,DIESEL,-,-,AUTOMATIQUE
"AUDI
A4","

                              19 673 €  ", 21/11/2022, SENEGAL,DIESEL,72 000 KM,2010,MANUELLE
"AUDI
A6","

                              8 388 €  ", 21/11/2022, SENEGAL,DIESEL,129 000 KM,2008,MANUELLE
"AUDI
Q5","

                              12 963 €  ", 21/11/2022, SENEGAL,ESSENCE,-,2012,AUTOMATIQUE
"AUDI
Q5","

                              13 725 €  ", 21/11/2022, SENEGAL,ESSENCE,69 012 KM,2012,AUTOMATIQUE
"AUDI
Q7","

                              30 500 €  ", 21/11/2022, SENEGAL,DIESEL,50 000 KM,2007,AUTOMATIQUE
"AUDI
A4","

                              20 588 €  ", 21/11/2022, SENEGAL,ESSENCE,66 000 KM,2012,MANUELLE
"AUDI
TT","

                              10 675 €  ", 21/11/2022, SENEGAL,ESSENCE,126 545 KM,2010,MANUELLE
"AUDI
Q5","

                              16 013 €  ", 21/11/2022, SENEGAL,ESSENCE,95 000 KM,2010,MANUELLE
"AUDI
Q7","

                              41 175 €  ", 21/11/2022, SENEGAL,ESSENCE,80 030 KM,2011,MANUELLE
"AUDI
Q7","

                              30 485 €  ", 21/11/2022, SENEGAL,DIESEL,180 000 KM,2007,MANUELLE
"AUDI
A4","

                              6 863 €  ", 21/11/2022, SENEGAL,DIESEL,107 000 KM,2007,MANUELLE
"AUDI
100","

                              NC  ", 21/11/2022, SENEGAL,DIESEL,-,-,AUTOMATIQUE
"AUDI
Q7","

                              31 263 €  ", 21/11/2022, SENEGAL,DIESEL,100 000 KM,2008,MANUELLE
"AUDI
A6 ALLROAD","

                              21 350 €  ", 21/11/2022, SENEGAL,DIESEL,73 000 KM,2009,MANUELLE
"AUDI
TT","

                              13 725 €  ", 21/11/2022, SENEGAL,ESSENCE,47 000 KM,2008,MANUELLE
"AUDI
A3","

                              3 431 €  ", 21/11/2022, SENEGAL,DIESEL,-,2009,MANUELLE
"AUDI
Q5","

                              37 363 €  ", 21/11/2022, SENEGAL,DIESEL,50 000 KM,2011,MANUELLE
"AUDI
A6","

                              5 490 €  ", 21/11/2022, SENEGAL,DIESEL,-,2006,MANUELLE
"AUDI
A1","

                              15 250 €  ", 21/11/2022, SENEGAL,ESSENCE,50 000 KM,2011,MANUELLE
"AUDI
A3","

                              22 113 €  ", 21/11/2022, SENEGAL,DIESEL,113 000 KM,2009,MANUELLE
"AUDI
Q5","

                              38 125 €  ", 21/11/2022, SENEGAL,DIESEL,60 000 KM,2012,MANUELLE
"AUDI
Q5","

                              26 688 €  ", 21/11/2022, SENEGAL,ESSENCE,45 000 KM,2014,MANUELLE
"AUDI
Q7","

                              12 963 €  ", 21/11/2022, SENEGAL,DIESEL,100 000 KM,2007,MANUELLE
"AUDI
A6","

                              17 538 €  ", 21/11/2022, SENEGAL,DIESEL,86 000 KM,2013,MANUELLE
"AUDI
A1","

                              15 250 €  ", 21/11/2022, SENEGAL,ESSENCE,-,2011,MANUELLE
"AUDI
A4 ALLROAD","

                              48 800 €  ", 21/11/2022, SENEGAL,ESSENCE,62 000 KM,2013,MANUELLE
"AUDI
Q5","

                              24 400 €  ", 21/11/2022, SENEGAL,ESSENCE,93 000 KM,2012,MANUELLE
"AUDI
A6","

                              35 075 €  ", 21/11/2022, SENEGAL,ESSENCE,15 000 KM,2011,MANUELLE
"AUDI
Q5","

                              28 213 €  ", 21/11/2022, SENEGAL,DIESEL,72 000 KM,2012,AUTOMATIQUE
"AUDI
80","

                              2 059 €  ", 21/11/2022, SENEGAL,DIESEL,-,-,AUTOMATIQUE
"AUDI
Q5","

                              40 413 €  ", 21/11/2022, SENEGAL,ESSENCE,67 000 KM,2010,MANUELLE
"AUDI
A5","

                              22 875 €  ", 21/11/2022, SENEGAL,DIESEL,35 000 KM,2009,MANUELLE
"AUDI
Q7","

                              32 025 €  ", 21/11/2022, SENEGAL,DIESEL,-,2014,MANUELLE
"AUDI
A5","

                              22 875 €  ", 21/11/2022, SENEGAL,ESSENCE,48 000 KM,2013,MANUELLE
"AUDI
A6 ALLROAD","

                              19 063 €  ", 21/11/2022, SENEGAL,ESSENCE,203 000 KM,2007,MANUELLE
"AUDI
A6 ALLROAD","

                              24 400 €  ", 21/11/2022, SENEGAL,ESSENCE,100 000 KM,2013,MANUELLE
"AUDI
Q5","

                              53 375 €  ", 21/11/2022, SENEGAL,DIESEL,25 000 KM,2011,MANUELLE
"AUDI
A8","

                              42 700 €  ", 21/11/2022, SENEGAL,ESSENCE,77 000 KM,2013,MANUELLE
"AUDI
A4","

                              21 350 €  ", 21/11/2022, SENEGAL,ESSENCE,89 000 KM,2009,MANUELLE
"AUDI
A6 ALLROAD","

                              13 725 €  ", 21/11/2022, SENEGAL,ESSENCE,203 000 KM,2007,MANUELLE
"AUDI
Q7","

                              21 350 €  ", 21/11/2022, SENEGAL,DIESEL,140 000 KM,2008,MANUELLE
"AUDI
A5","

                              28 975 €  ", 21/11/2022, SENEGAL,DIESEL,69 000 KM,2009,MANUELLE
"AUDI
Q7","

                              NC  ", 21/11/2022, SENEGAL,DIESEL,115 000 KM,2010,MANUELLE
"AUDI
A3 SPORTBACK","

                              6 863 €  ", 21/11/2022, SENEGAL,DIESEL,100 132 KM,2008,AUTOMATIQUE
"AUDI
Q7","

                              16 775 €  ", 21/11/2022, SENEGAL,DIESEL,100 000 KM,2006,MANUELLE
"AUDI
Q5","

                              33 550 €  ", 21/11/2022, SENEGAL,ESSENCE,112 000 KM,2009,MANUELLE
"AUDI
A6","

                              NC  ", 21/11/2022, SENEGAL,DIESEL,111 033 KM,2006,MANUELLE
"AUDI
Q7","

                              18 300 €  ", 21/11/2022, SENEGAL,DIESEL,100 000 KM,2007,MANUELLE
"AUDI
A6
V6 3.0","

                              8 388 €  ", 21/11/2022, SENEGAL,DIESEL,142 000 KM,2006,MANUELLE
"AUDI
Q7","

                              18 300 €  ", 21/11/2022, SENEGAL,DIESEL,170 000 KM,2007,MANUELLE
"AUDI
Q7","

                              NC  ", 21/11/2022, SENEGAL,DIESEL,84 692 KM,2008,MANUELLE
"AUDI
Q5","

                              22 875 €  ", 21/11/2022, SENEGAL,ESSENCE,63 000 KM,2011,MANUELLE
"AUDI
A5","

                              19 825 €  ", 21/11/2022, SENEGAL,DIESEL,90 000 KM,2010,MANUELLE
"AUDI
Q5","

                              29 738 €  ", 21/11/2022, SENEGAL,ESSENCE,50 000 KM,2011,MANUELLE
"AUDI
Q3","

                              26 764 €  ", 21/11/2022, SENEGAL,DIESEL,70 000 KM,2013,MANUELLE
"AUDI
A3","

                              12 200 €  ", 21/11/2022, SENEGAL,DIESEL,-,2006,MANUELLE
"AUDI
Q7","

                              18 300 €  ", 21/11/2022, SENEGAL,DIESEL,-,2007,MANUELLE
"AUDI
Q5","

                              NC  ", 21/11/2022, SENEGAL,ESSENCE,136 000 KM,2009,MANUELLE
"AUDI
Q5
SQ5V6 3.0","

                              45 750 €  ", 21/11/2022, SENEGAL,DIESEL,1 500 KM,-,MANUELLE
"AUDI
A2","

                              9 150 €  ", 21/11/2022, SENEGAL,ESSENCE,-,2005,AUTOMATIQUE
"AUDI
A4","

                              19 825 €  ", 21/11/2022, SENEGAL,DIESEL,78 000 KM,2008,MANUELLE
"AUDI
Q7","

                              NC  ", 21/11/2022, SENEGAL,DIESEL,65 000 KM,2012,AUTOMATIQUE
"AUDI
Q7","

                              19 063 €  ", 21/11/2022, SENEGAL,DIESEL,165 000 KM,2007,MANUELLE
"AUDI
A2","

                              10 675 €  ", 21/11/2022, SENEGAL,ESSENCE,100 000 KM,2005,MANUELLE
"AUDI
Q7","

                              NC  ", 21/11/2022, SENEGAL,DIESEL,50 000 KM,2008,MANUELLE
"AUDI
A3","

                              8 388 €  ", 21/11/2022, SENEGAL,ESSENCE,80 000 KM,2007,MANUELLE
"AUDI
A4
2.0","

                              1 830 €  ", 21/11/2022, SENEGAL,DIESEL,-,1998,MANUELLE
"AUDI
Q5","

                              19 063 €  ", 21/11/2022, SENEGAL,ESSENCE,26 000 KM,2013,MANUELLE
"AUDI
Q7","

                              18 300 €  ", 21/11/2022, SENEGAL,DIESEL,150 000 KM,2007,MANUELLE
"AUDI
Q7","

                              24 400 €  ", 21/11/2022, SENEGAL,DIESEL,140 000 KM,2007,MANUELLE
"AUDI
A5","

                              30 500 €  ", 21/11/2022, SENEGAL,ESSENCE,180 000 KM,-,MANUELLE
"AUDI
Q7","

                              22 875 €  ", 21/11/2022, SENEGAL,DIESEL,222 000 KM,2008,MANUELLE
"AUDI
Q5","

                              22 113 €  ", 21/11/2022, SENEGAL,DIESEL,70 000 KM,2010,MANUELLE
"AUDI
Q7","

                              25 925 €  ", 21/11/2022, SENEGAL,DIESEL,222 000 KM,2008,MANUELLE
"AUDI
Q7","

                              25 925 €  ", 21/11/2022, SENEGAL,DIESEL,100 000 KM,2007,MANUELLE
"AUDI
Q7","

                              18 300 €  ", 21/11/2022, SENEGAL,DIESEL,223 000 KM,2008,MANUELLE
"AUDI
Q7","

                              25 925 €  ", 21/11/2022, SENEGAL,DIESEL,160 000 KM,2007,MANUELLE
"AUDI
A8","

                              30 500 €  ", 21/11/2022, SENEGAL,DIESEL,176 000 KM,2004,MANUELLE
"AUDI
Q7","

                              32 025 €  ", 21/11/2022, SENEGAL,DIESEL,21 000 KM,2007,MANUELLE
"AUDI
Q5","

                              22 875 €  ", 21/11/2022, SENEGAL,DIESEL,75 000 KM,2010,MANUELLE
